ID,token,ner_tag
6982,Imitation,B-Product
6982,Volcano,I-Product
6982,Humidifier,I-Product
6982,with,O
6982,LED,O
6982,Light,O
6982,በኤሌክትሪክ:የሚሰራ,O
6982,ለቤት,O
6982,መልካም,O
6982,መዓዛን,O
6982,የሚሰጥ,O
6982,ዋጋ፦,B-PRICE
6982,1400,I-PRICE
6982,ብር,I-PRICE
6982,ውስን,O
6982,ፍሬ,O
6982,ነው,O
6982,ያለን,O
6982,አድራሻ,O
6982,#መገናኛ_መሰረት_ደፋር_ሞል_ሁለተኛ_ፎቅ,B-LOC
6982,ቢሮ,I-LOC
6982,ቁ.,I-LOC
6982,S05/S06,I-LOC
6982,0902660722,B-CONTACT
6982,0928460606,B-CONTACT
6982,በTelegram,O
6982,ለማዘዝ,O
6982,ይጠቀሙ,O
6982,@zemencallcenter,B-CONTACT
6982,@zemenexpressadmin,B-CONTACT
6982,ለተጨማሪ,O
6982,ማብራሪያ,O
6982,የቴሌግራም,O
6982,ገፃችን,O
6982,https://telegram.me/zemenexpress,B-CONTACT
6981,Baby,B-Product
6981,Carrier,I-Product
6981,በፈለጉት,O
6981,አቅጣጫ,O
6981,ልጅዎን,O
6981,በምቾት,O
6981,ማዘል,O
6981,ያስችልዎታል,O
6981,ዋጋ፦,B-PRICE
6981,2400,I-PRICE
6981,ብር,I-PRICE
6981,ውስን,O
6981,ፍሬ,O
6981,ነው,O
6981,ያለን,O
6981,አድራሻ,O
6981,#መገናኛ_መሰረት_ደፋር_ሞል_ሁለተኛ_ፎቅ,B-LOC
6981,ቢሮ,I-LOC
6981,ቁ.,I-LOC
6981,S05/S06,I-LOC
6981,0902660722,B-CONTACT
6981,0928460606,B-CONTACT
6981,በTelegram,O
6981,ለማዘዝ,O
6981,ይጠቀሙ,O
6981,@zemencallcenter,B-CONTACT
6981,@zemenexpressadmin,B-CONTACT
6981,ለተጨማሪ,O
6981,ማብራሪያ,O
6981,የቴሌግራም,O
6981,ገፃችን,O
6981,https://telegram.me/zemenexpress,B-CONTACT
6973,Smart,B-Product
6973,Usb,I-Product
6973,Ultrasonic,I-Product
6973,Car,I-Product
6973,And,I-Product
6973,Home,I-Product
6973,Air,I-Product
6973,Humidifier,I-Product
6973,With,O
6973,Colorful,O
6973,Led,O
6973,Light,O
6973,Original,O
6973,High-quality,O
6973,በኤሌክትሪክ,O
6973,የሚሰራ,O
6973,ለቤትና,O
6973,ለመኪና,O
6973,መልካም,O
6973,መዓዛን,O
6973,የሚሰጥ,O
6973,Elevate,O
6973,the,O
6973,comfort,O
6973,level,O
6973,within,O
6973,your,O
6973,living,O
6973,premises,O
6973,with,O
6973,this,O
6973,fantastic,O
6973,Green,B-Product
6973,Lion,I-Product
6973,Air,I-Product
6973,Mist,I-Product
6973,Humidifier.,I-Product
6973,ዋጋ፦,B-PRICE
6973,1100,I-PRICE
6973,ብር,I-PRICE
6973,ውስን,O
6973,ፍሬ,O
6973,ነው,O
6973,ያለን,O
6973,አድራሻ,O
6973,#መገናኛ_መሰረት_ደፋር_ሞል_ሁለተኛ_ፎቅ,B-LOC
6973,ቢሮ,I-LOC
6973,ቁ.,I-LOC
6973,S05/S06,I-LOC
6973,0902660722,B-CONTACT
6973,0928460606,B-CONTACT
6973,በTelegram,O
6973,ለማዘዝ,O
6973,ይጠቀሙ,O
6973,@zemencallcenter,B-CONTACT
6973,@zemenexpressadmin,B-CONTACT
6973,ለተጨማሪ,O
6973,ማብራሪያ,O
6973,የቴሌግራም,O
6973,ገፃችን,O
6973,https://telegram.me/zemenexpress,B-CONTACT
6972,Smart,B-Product
6972,Usb,I-Product
6972,Ultrasonic,I-Product
6972,Car,I-Product
6972,And,I-Product
6972,Home,I-Product
6972,Air,I-Product
6972,Humidifier.,I-Product
6972,With,O
6972,Colorful,O
6972,Led,O
6972,Light,O
6972,Original,O
6972,High-quality,O
6972,በኤሌክትሪክ,O
6972,የሚሰራ,O
6972,ለቤትና,O
6972,ለመኪና,O
6972,መልካም,O
6972,መዓዛን,O
6972,የሚሰጥ,O
6972,Elevate,O
6972,the,O
6972,comfort,O
6972,level,O
6972,within,O
6972,your,O
6972,living,O
6972,premises,O
6972,with,O
6972,this,O
6972,fantastic,O
6972,Green,B-Product
6972,Lion,I-Product
6972,Air,I-Product
6972,Mist,I-Product
6972,Humidifier.,I-Product
6972,ዋጋ፦,B-PRICE
6972,1100,I-PRICE
6972,ብር,I-PRICE
6972,ውስን,O
6972,ፍሬ,O
6972,ነው,O
6972,ያለን,O
6972,አድራሻ,O
6972,#መገናኛ_መሰረት_ደፋር_ሞል_ሁለተኛ_ፎቅ,B-LOC
6972,ቢሮ,I-LOC
6972,ቁ.,I-LOC
6972,S05/S06,I-LOC
6972,0902660722,B-CONTACT
6972,0928460606,B-CONTACT
6972,በTelegram,O
6972,ለማዘዝ,O
6972,ይጠቀሙ,O
6972,@zemencallcenter,B-CONTACT
6972,@zemenexpressadmin,B-CONTACT
6972,ለተጨማሪ,O
6972,ማብራሪያ,O
6972,የቴሌግራም,O
6972,ገፃችን,O
6972,https://telegram.me/zemenexpress,B-CONTACT
6970,Baby,B-Product
6970,Head,I-Product
6970,Helmet,I-Product
6970,Cotton,I-Product
6970,Walk,I-Product
6970,Safety,I-Product
6970,Hat,I-Product
6970,Breathable,I-Product
6970,Headgear,I-Product
6970,Toddler,I-Product
6970,Antifall,I-Product
6970,Pad,I-Product
6970,This,O
6970,product,O
6970,is,O
6970,made,O
6970,of,O
6970,non-toxic,O
6970,cotton,O
6970,material.,O
6970,It,O
6970,can,O
6970,be,O
6970,adjustable,O
6970,to,O
6970,fits,O
6970,all,O
6970,the,O
6970,different,O
6970,size,O
6970,of,O
6970,head.,O
6970,The,O
6970,product,O
6970,is,O
6970,also,O
6970,breathable,O
6970,and,O
6970,the,O
6970,baby's,O
6970,head,O
6970,will,O
6970,not,O
6970,be,O
6970,sultry,O
6970,and,O
6970,muggy,O
6970,when,O
6970,playing.,O
6970,ዋጋ፦,B-PRICE
6970,550,I-PRICE
6970,ብር,I-PRICE
6970,ውስን,O
6970,ፍሬ,O
6970,ነው,O
6970,ያለን,O
6970,አድራሻ,O
6970,#መገናኛ_መሰረት_ደፋር_ሞል_ሁለተኛ_ፎቅ,O
6970,ቢሮ,O
6970,ቁ.,O
6970,S05/S06,O
6970,0902660722,O
6970,0928460606,O
6970,በTelegram,O
6970,ለማዘዝ,O
6970,ይጠቀሙ,O
6970,@zemencallcenter,O
6970,@zemenexpressadmin,O
6970,ለተጨማሪ,O
6970,ማብራሪያ,O
6970,የቴሌግራም,O
6970,ገፃችን,O
6970,https://telegram.me/zemenexpress,O
6969,Baby,B-Product
6969,Head,I-Product
6969,Helmet,I-Product
6969,Cotton,I-Product
6969,Walk,I-Product
6969,Safety,I-Product
6969,Hat,I-Product
6969,Breathable,I-Product
6969,Headgear,I-Product
6969,Toddler,I-Product
6969,Antifall,I-Product
6969,Pad,I-Product
6969,This,O
6969,product,O
6969,is,O
6969,made,O
6969,of,O
6969,non-toxic,O
6969,cotton,O
6969,material.,O
6969,It,O
6969,can,O
6969,be,O
6969,adjustable,O
6969,to,O
6969,fits,O
6969,all,O
6969,the,O
6969,different,O
6969,size,O
6969,of,O
6969,head.,O
6969,The,O
6969,product,O
6969,is,O
6969,also,O
6969,breathable,O
6969,and,O
6969,the,O
6969,baby's,O
6969,head,O
6969,will,O
6969,not,O
6969,be,O
6969,sultry,O
6969,and,O
6969,muggy,O
6969,when,O
6969,playing.,O
6969,ዋጋ፦,B-PRICE
6969,550,I-PRICE
6969,ብር,I-PRICE
6969,ውስን,O
6969,ፍሬ,O
6969,ነው,O
6969,ያለን,O
6969,አድራሻ,O
6969,#መገናኛ_መሰረት_ደፋር_ሞል_ሁለተኛ_ፎቅ,O
6969,ቢሮ,O
6969,ቁ.,O
6969,S05/S06,O
6969,0902660722,O
6969,0928460606,O
6969,በTelegram,O
6969,ለማዘዝ,O
6969,ይጠቀሙ,O
6969,@zemencallcenter,O
6969,@zemenexpressadmin,O
6969,ለተጨማሪ,O
6969,ማብራሪያ,O
6969,የቴሌግራም,O
6969,ገፃችን,O
6969,https://telegram.me/zemenexpress,O
6968,በረፍት,O
6968,ቀንዎ,O
6968,ሱቅ,O
6968,ላይ,O
6968,መስተናገድ,O
6968,ለምትፈልጉ,O
6968,ውድ,O
6968,ደንበኞቻችን,O
6968,ነገ,O
6968,ከጠዋቱ,O
6968,4:30,O
6968,_,O
6968,ቀኑ,O
6968,11:00,O
6968,ድረስ,O
6968,ሱቃችን,O
6968,ክፍት,O
6968,ሁኖ,O
6968,ይጠብቅዎታል,O
6968,ሱቅ,O
6968,መተው,O
6968,መግዛት,O
6968,ላልቻላችሁ,O
6968,በሞተረኞች,O
6968,ያሉበት,O
6968,እናደርሳለን,O
6968,ዘወትር,O
6968,ሰኞ,O
6968,_ቅዳሜ,O
6968,ከጠዋቱ,O
6968,2:30,O
6968,እስከ,O
6968,ምሽቱ,O
6968,2:00,O
6968,ድረስ,O
6968,ክፍት,O
6968,መሆኑን,O
6968,እንገልፃለን,O
6968,አድራሻ,O
6968,#መገናኛ_መሰረት_ደፋር_ሞል_ሁለተኛ_ፎቅ,O
6968,ቢሮ,O
6968,ቁ.,O
6968,S05/S06,O
6968,0902660722,O
6968,0928460606,O
6968,በTelegram,O
6968,ለማዘዝ,O
6968,ይጠቀሙ,O
6968,@zemencallcenter,O
6968,@zemenexpressadmin,O
6968,ለተጨማሪ,O
6968,ማብራሪያ,O
6968,የቴሌግራም,O
6968,ገፃችን,O
6968,https://telegram.me/zemenexpress,O
964,Baby,B-Product
6964,knee,I-Product
6964,socks,I-Product
6964,ልጅዎ,O
6964,መዳህ,O
6964,በሚጀምሩበት,O
6964,ጊዜ,O
6964,ተመራጭ,O
6964,ዋጋ፦,B-PRICE
6964,250,I-PRICE
6964,ብር,I-PRICE
6964,ውስን,O
6964,ፍሬ,O
6964,ነው,O
6964,ያለን,O
6964,አድራሻ,O
6964,#መገናኛ_መሰረት_ደፋር_ሞል_ሁለተኛ_ፎቅ,O
6964,ቢሮ,O
6964,ቁ.,O
6964,S05/S06,O
6964,0902660722,O
6964,0928460606,O
6964,በTelegram,O
6964,ለማዘዝ,O
6964,ይጠቀሙ,O
6964,@zemencallcenter,O
6964,@zemenexpressadmin,O
6964,ለተጨማሪ,O
6964,ማብራሪያ,O
6964,የቴሌግራም,O
6964,ገፃችን,O
6964,https://telegram.me/zemenexpress,O
6963,Baby,B-Product
6963,knee,I-Product
6963,socks,I-Product
6963,ልጅዎ,O
6963,መዳህ,O
6963,በሚጀምሩበት,O
6963,ጊዜ,O
6963,ተመራጭ,O
6963,ዋጋ፦,B-PRICE
6963,250,I-PRICE
6963,ብር,I-PRICE
6963,ውስን,O
6963,ፍሬ,O
6963,ነው,O
6963,ያለን,O
6963,አድራሻ,O
6963,#መገናኛ_መሰረት_ደፋር_ሞል_ሁለተኛ_ፎቅ,O
6963,ቢሮ,O
6963,ቁ.,O
6963,S05/S06,O
6963,0902660722,O
6963,0928460606,O
6963,በTelegram,O
6963,ለማዘዝ,O
6963,ይጠቀሙ,O
6963,@zemencallcenter,O
6963,@zemenexpressadmin,O
6963,ለተጨማሪ,O
6963,ማብራሪያ,O
6963,የቴሌግራም,O
6963,ገፃችን,O
6963,https://telegram.me/zemenexpress,O
6959,5-in-1,B-Product
6959,Trouser,I-Product
6959,Hanger,I-Product
6959,የሱሪ,O
6959,ማስቀመጫ,O
6959,ዋጋ፦,B-PRICE
6959,650,I-PRICE
6959,ብር,I-PRICE
6959,ውስን,O
6959,ፍሬ,O
6959,ነው,O
6959,ያለን,O
6959,አድራሻ,O
6959,#መገናኛ_መሰረት_ደፋር_ሞል_ሁለተኛ_ፎቅ,O
6959,ቢሮ,O
6959,ቁ.,O
6959,S05/S06,O
6959,0902660722,O
6959,0928460606,O
6959,በTelegram,O
6959,ለማዘዝ,O
6959,ይጠቀሙ,O
6959,@zemencallcenter,O
6959,@zemenexpressadmin,O
6959,ለተጨማሪ,O
6959,ማብራሪያ,O
6959,የቴሌግራም,O
6959,ገፃችን,O
6959,https://telegram.me/zemenexpress,O
6950,WaterProof,B-Product
6950,Shower,I-Product
6950,Cap,I-Product
6950,reusable,O
6950,ዋጋ፦,B-PRICE
6950,200,I-PRICE
6950,ብር,I-PRICE
6950,ውስን,O
6950,ፍሬ,O
6950,ነው,O
6950,ያለው,O
6950,አድራሻ,O
6950,#መገናኛ_መሰረት_ደፋር_ሞል_ሁለተኛ_ፎቅ,O
6950,ቢሮ,O
6950,ቁ.,O
6950,S05/S06,O
6950,0902660722,O
6950,0928460606,O
6950,በTelegram,O
6950,ለማዘዝ,O
6950,ይጠቀሙ,O
6950,@zemencallcenter,O
6950,@zemenexpressadmin,O
6950,ለተጨማሪ,O
6950,ማብራሪያ,O
6950,የቴሌግራም,O
6950,ገፃችን,O
6950,https://telegram.me/zemenexpress,O
6947,Shock,B-Product
6947,and,O
6947,Noise,I-Product
6947,Cancelling,I-Product
6947,Washing,I-Product
6947,Machine,I-Product
6947,Support,I-Product
6947,Washer,I-Product
6947,and,O
6947,Dryer,O
6947,"Pedestals,Anti",O
6947,Slip,O
6947,Anti,O
6947,Vibration,O
6947,Rubber,O
6947,Washing,O
6947,Machine,O
6947,Feet,O
6947,Pads,O
6947,Washing,O
6947,Machine,O
6947,Stabilizer,O
6947,for,O
6947,Raise,O
6947,Height,O
6947,Reduce,O
6947,Noise,O
6947,4PCS,O
6947,ዋጋ፦,B-PRICE
6947,500,I-PRICE
6947,ብር,I-PRICE
6947,ውስን,O
6947,ፍሬ,O
6947,ነው,O
6947,ያለን,O
6947,አድራሻ,O
6947,#መገናኛ_መሰረት_ደፋር_ሞል_ሁለተኛ_ፎቅ,O
6947,ቢሮ,O
6947,ቁ.,O
6947,S05/S06,O
6947,0902660722,O
6947,0928460606,O
6947,በTelegram,O
6947,ለማዘዝ,O
6947,ይጠቀሙ,O
6947,@zemencallcenter,O
6947,@zemenexpressadmin,O
6947,ለተጨማሪ,O
6947,ማብራሪያ,O
6947,የቴሌግራም,O
6947,ገፃችን,O
6947,https://telegram.me/zemenexpress,O
6946,Shock,O
6946,and,O
6946,Noise,O
6946,Cancelling,O
6946,Washing,O
6946,Machine,O
6946,Support,O
6946,Washer,O
6946,and,O
6946,Dryer,O
6946,"Pedestals,Anti",O
6946,Slip,O
6946,Anti,O
6946,Vibration,O
6946,Rubber,O
6946,Washing,O
6946,Machine,O
6946,Feet,O
6946,Pads,O
6946,Washing,O
6946,Machine,O
6946,Stabilizer,O
6946,for,O
6946,Raise,O
6946,Height,O
6946,Reduce,O
6946,Noise,O
6946,4PCS,O
6946,ዋጋ፦,O
6946,500,O
6946,ብር,O
6946,ውስን,O
6946,ፍሬ,O
6946,ነው,O
6946,ያለን,O
6946,አድራሻ,O
6946,#መገናኛ_መሰረት_ደፋር_ሞል_ሁለተኛ_ፎቅ,O
6946,ቢሮ,O
6946,ቁ.,O
6946,S05/S06,O
6946,0902660722,O
6946,0928460606,O
6946,በTelegram,O
6946,ለማዘዝ,O
6946,ይጠቀሙ,O
6946,@zemencallcenter,O
6946,@zemenexpressadmin,O
6946,ለተጨማሪ,O
6946,ማብራሪያ,O
6946,የቴሌግራም,O
6946,ገፃችን,O
6946,https://telegram.me/zemenexpress,O
6945,Shock,B-PRODUCT
6945,and,I-PRODUCT
6945,Noise,I-PRODUCT
6945,Cancelling,I-PRODUCT
6945,Washing,I-PRODUCT
6945,Machine,I-PRODUCT
6945,Support,I-PRODUCT
6945,Washer,I-PRODUCT
6945,and,I-PRODUCT
6945,Dryer,I-PRODUCT
6945,"Pedestals,Anti",I-PRODUCT
6945,Slip,I-PRODUCT
6945,Anti,I-PRODUCT
6945,Vibration,I-PRODUCT
6945,Rubber,I-PRODUCT
6945,Washing,I-PRODUCT
6945,Machine,I-PRODUCT
6945,Feet,I-PRODUCT
6945,Pads,I-PRODUCT
6945,Washing,I-PRODUCT
6945,Machine,I-PRODUCT
6945,Stabilizer,I-PRODUCT
6945,for,I-PRODUCT
6945,Raise,I-PRODUCT
6945,Height,I-PRODUCT
6945,Reduce,I-PRODUCT
6945,Noise,I-PRODUCT
6945,4PCS,I-PRODUCT
6945,ዋጋ፦,O
6945,500,B-PRICE
6945,ብር,I-PRICE
6945,ውስን,O
6945,ፍሬ,O
6945,ነው,O
6945,ያለን,O
6945,አድራሻ,O
6945,#መገናኛ_መሰረት_ደፋር_ሞል_ሁለተኛ_ፎቅ,O
6945,ቢሮ,O
6945,ቁ.,O
6945,S05/S06,O
6945,0902660722,B-CONTACT
6945,0928460606,I-CONTACT
6945,በTelegram,O
6945,ለማዘዝ,O
6945,ይጠቀሙ,O
6945,@zemencallcenter,B-CONTACT
6945,@zemenexpressadmin,I-CONTACT
6945,ለተጨማሪ,O
6945,ማብራሪያ,O
6945,የቴሌግራም,O
6945,ገፃችን,O
6945,https://telegram.me/zemenexpress,B-CONTACT
6939,Magic,B-PRODUCT
6939,Silicone,I-PRODUCT
6939,Dish,I-PRODUCT
6939,Washing,I-PRODUCT
6939,Gloves,I-PRODUCT
6939,High,I-PRODUCT
6939,Quality,I-PRODUCT
6939,(ወፍራሙ),I-PRODUCT
6939,ዕቃ,O
6939,ለማጠብ,O
6939,ቤት,O
6939,ለማፅዳት,O
6939,መኪና,O
6939,ለማጠብ,O
6939,ለተለያየ,O
6939,አገልግሎት,O
6939,የሚውል,O
6939,ዋጋ፦,O
6939,350ብር,B-PRICE
6939,ውስን,O
6939,ፍሬ,O
6939,ነው,O
6939,ያለው,O
6939,አድራሻ,O
6939,#መገናኛ_መሰረት_ደፋር_ሞል_ሁለተኛ_ፎቅ,O
6939,ቢሮ,O
6939,ቁ.,O
6939,S05/S06,O
6939,0902660722,B-CONTACT
6939,0928460606,I-CONTACT
6939,በTelegram,O
6939,ለማዘዝ,O
6939,ይጠቀሙ,O
6939,@zemencallcenter,B-CONTACT
6939,@zemenexpressadmin,I-CONTACT
6939,ለተጨማሪ,O
6939,ማብራሪያ,O
6939,የቴሌግራም,O
6939,ገፃችን,O
6939,https://telegram.me/zemenexpress,B-CONTACT
6938,Magic,B-PRODUCT
6938,Silicone,I-PRODUCT
6938,Dish,I-PRODUCT
6938,Washing,I-PRODUCT
6938,Gloves,I-PRODUCT
6938,High,I-PRODUCT
6938,Quality,I-PRODUCT
6938,(ወፍራሙ),I-PRODUCT
6938,ዕቃ,O
6938,ለማጠብ,O
6938,ቤት,O
6938,ለማፅዳት,O
6938,መኪና,O
6938,ለማጠብ,O
6938,ለተለያየ,O
6938,አገልግሎት,O
6938,የሚውል,O
6938,ዋጋ፦,O
6938,350ብር,B-PRICE
6938,ውስን,O
6938,ፍሬ,O
6938,ነው,O
6938,ያለው,O
6938,አድራሻ,O
6938,#መገናኛ_መሰረት_ደፋር_ሞል_ሁለተኛ_ፎቅ,O
6938,ቢሮ,O
6938,ቁ.,O
6938,S05/S06,O
6938,0902660722,B-CONTACT
6938,0928460606,I-CONTACT
6938,በTelegram,O
6938,ለማዘዝ,O
6938,ይጠቀሙ,O
6938,@zemencallcenter,B-CONTACT
6938,@zemenexpressadmin,I-CONTACT
6938,ለተጨማሪ,O
6938,ማብራሪያ,O
6938,የቴሌግራም,O
6938,ገፃችን,O
6938,https://telegram.me/zemenexpress,B-CONTACT
6936,13pc,B-PRODUCT
6936,Portable,I-PRODUCT
6936,Health,I-PRODUCT
6936,Care,I-PRODUCT
6936,Kit,I-PRODUCT
6936,Designed,O
6936,For,O
6936,Newborn,O
6936,Babies,O
6936,13,O
6936,pieces,O
6936,of,O
6936,baby,O
6936,care,O
6936,"set,",O
6936,stored,O
6936,in,O
6936,a,O
6936,carton,O
6936,for,O
6936,easy,O
6936,storage,O
6936,&,O
6936,organizing,O
6936,"Simple,",O
6936,convenient,O
6936,and,O
6936,easy,O
6936,to,O
6936,use.,O
6936,Made,O
6936,of,O
6936,green,O
6936,materials,O
6936,to,O
6936,care,O
6936,for,O
6936,the,O
6936,baby,O
6936,s,O
6936,growth,O
6936,effectively,O
6936,protect,O
6936,baby,O
6936,s,O
6936,health,O
6936,new,O
6936,and,O
6936,high,O
6936,quality,O
6936,ዋጋ፦,O
6936,1100,B-PRICE
6936,ብር,I-PRICE
6936,ውስን,O
6936,ፍሬ,O
6936,ነው,O
6936,ያለው,O
6936,አድራሻ,O
6936,#መገናኛ_መሰረት_ደፋር_ሞል_ሁለተኛ_ፎቅ,O
6936,ቢሮ,O
6936,ቁ.,O
6936,S05/S06,O
6936,0902660722,B-CONTACT
6936,0928460606,I-CONTACT
6936,በTelegram,O
6936,ለማዘዝ,O
6936,ይጠቀሙ,O
6936,@zemencallcenter,B-CONTACT
6936,@zemenexpressadmin,I-CONTACT
6936,ለተጨማሪ,O
6936,ማብራሪያ,O
6936,የቴሌግራም,O
6936,ገፃችን,O
6936,https://telegram.me/zemenexpress,B-CONTACT
6933,Three-layer,B-PRODUCT
6933,Baby,I-PRODUCT
6933,Milk,I-PRODUCT
6933,Powder,I-PRODUCT
6933,Container,I-PRODUCT
6933,High,O
6933,Quality,O
6933,Three,O
6933,Layer,O
6933,No-Spill,O
6933,Baby,O
6933,Feeding,O
6933,Milk,O
6933,Powder,O
6933,Food,O
6933,Dispenser.,O
6933,A,O
6933,perfect,O
6933,storage,O
6933,for,O
6933,travel,O
6933,or,O
6933,home,O
6933,use.,O
6933,እናት,O
6933,ልጇን,O
6933,ይዛ,O
6933,የተለያየ,O
6933,ቦታ,O
6933,ስትንቀሳቀስ,O
6933,የዱቄት,O
6933,ወተት,O
6933,የመሳሰሉትን,O
6933,አስፈላጊ,O
6933,የልጆች,O
6933,ምግብ,O
6933,ይዞ,O
6933,ለመንቀሳቀስ,O
6933,የሚረዳ,O
6933,3,O
6933,ፓርቲሽን,O
6933,ያለው,O
6933,አሪፍ,O
6933,ኮንቴነር,O
6933,ዋጋ፦,O
6933,550,B-PRICE
6933,ብር,I-PRICE
6933,ውስን,O
6933,ፍሬ,O
6933,ነው,O
6933,ያለው,O
6933,አድራሻ,O
6933,#መገናኛ_መሰረት_ደፋር_ሞል_ሁለተኛ_ፎቅ,O
6933,ቢሮ,O
6933,ቁ.,O
6933,S05/S06,O
6933,0902660722,B-CONTACT
6933,0928460606,I-CONTACT
6933,በTelegram,O
6933,ለማዘዝ,O
6933,ይጠቀሙ,O
6933,@zemencallcenter,B-CONTACT
6933,@zemenexpressadmin,I-CONTACT
6933,ለተጨማሪ,O
6933,ማብራሪያ,O
6933,የቴሌግራም,O
6933,ገፃችን,O
6933,https://telegram.me/zemenexpress,B-CONTACT
6932,Three-layer,B-PRODUCT
6932,Baby,I-PRODUCT
6932,Milk,I-PRODUCT
6932,Powder,I-PRODUCT
6932,Container,I-PRODUCT
6932,High,O
6932,Quality,O
6932,Three,O
6932,Layer,O
6932,No-Spill,O
6932,Baby,O
6932,Feeding,O
6932,Milk,O
6932,Powder,O
6932,Food,O
6932,Dispenser.,O
6932,A,O
6932,perfect,O
6932,storage,O
6932,for,O
6932,travel,O
6932,or,O
6932,home,O
6932,use.,O
6932,እናት,O
6932,ልጇን,O
6932,ይዛ,O
6932,የተለያየ,O
6932,ቦታ,O
6932,ስትንቀሳቀስ,O
6932,የዱቄት,O
6932,ወተት,O
6932,የመሳሰሉትን,O
6932,አስፈላጊ,O
6932,የልጆች,O
6932,ምግብ,O
6932,ይዞ,O
6932,ለመንቀሳቀስ,O
6932,የሚረዳ,O
6932,3,O
6932,ፓርቲሽን,O
6932,ያለው,O
6932,አሪፍ,O
6932,ኮንቴነር,O
6932,ዋጋ፦,O
6932,500,B-PRICE
6932,ብር,I-PRICE
6932,ውስን,O
6932,ፍሬ,O
6932,ነው,O
6932,ያለው,O
6932,አድራሻ,O
6932,#መገናኛ_መሰረት_ደፋር_ሞል_ሁለተኛ_ፎቅ,O
6932,ቢሮ,O
6932,ቁ.,O
6932,S05/S06,O
6932,0902660722,B-CONTACT
6932,0928460606,I-CONTACT
6932,በTelegram,O
6932,ለማዘዝ,O
6932,ይጠቀሙ,O
6932,@zemencallcenter,B-CONTACT
6932,@zemenexpressadmin,I-CONTACT
6932,ለተጨማሪ,O
6932,ማብራሪያ,O
6932,የቴሌግራም,O
6932,ገፃችን,O
6932,https://telegram.me/zemenexpress,B-CONTACT
6929,Only,B-PRODUCT
6929,baby,I-PRODUCT
6929,3in1,I-PRODUCT
6929,double,I-PRODUCT
6929,bottle,I-PRODUCT
6929,milk,I-PRODUCT
6929,"warmer,sterilizer,food",I-PRODUCT
6929,steamer,I-PRODUCT
6929,ለሕፃን,O
6929,ወተት,O
6929,ማሞቂያ,O
6929,በተጨማሪ,O
6929,ምግብ,O
6929,ለመቀቀል,O
6929,የሚሆን,O
6929,ዋጋ፦,O
6929,3000,B-PRICE
6929,ብር,I-PRICE
6929,ውስን,O
6929,ፍሬ,O
6929,ነው,O
6929,ያለው,O
6929,አድራሻ,O
6929,#መገናኛ_መሰረት_ደፋር_ሞል_ሁለተኛ_ፎቅ,O
6929,ቢሮ,O
6929,ቁ.,O
6929,S05/S06,O
6929,0902660722,B-CONTACT
6929,0928460606,I-CONTACT
6929,በTelegram,O
6929,ለማዘዝ,O
6929,ይጠቀሙ,O
6929,@zemencallcenter,B-CONTACT
6929,@zemenexpressadmin,I-CONTACT
6929,ለተጨማሪ,O
6929,ማብራሪያ,O
6929,የቴሌግራም,O
6929,ገፃችን,O
6929,https://telegram.me/zemenexpress,B-CONTACT
6923,Only,B-PRODUCT
6923,baby,I-PRODUCT
6923,3in1,I-PRODUCT
6923,double,I-PRODUCT
6923,bottle,I-PRODUCT
6923,milk,I-PRODUCT
6923,"warmer,sterilizer,food",I-PRODUCT
6923,steamer,I-PRODUCT
6923,ለሕፃን,O
6923,ወተት,O
6923,ማሞቂያ,O
6923,በተጨማሪ,O
6923,ምግብ,O
6923,ለመቀቀል,O
6923,የሚሆን,O
6923,ዋጋ፦,O
6923,3000,B-PRICE
6923,ብር,I-PRICE
6923,ውስን,O
6923,ፍሬ,O
6923,ነው,O
6923,ያለው,O
6923,አድራሻ,O
6923,#መገናኛ_መሰረት_ደፋር_ሞል_ሁለተኛ_ፎቅ,O
6923,ቢሮ,O
6923,ቁ.,O
6923,S05/S06,O
6923,0902660722,B-CONTACT
6923,0928460606,I-CONTACT
6923,በTelegram,O
6923,ለማዘዝ,O
6923,ይጠቀሙ,O
6923,@zemencallcenter,B-CONTACT
6923,@zemenexpressadmin,I-CONTACT
6923,ለተጨማሪ,O
6923,ማብራሪያ,O
6923,የቴሌግራም,O
6923,ገፃችን,O
6923,https://telegram.me/zemenexpress,B-CONTACT
6917,Mini,B-PRODUCT
6917,Pocket,I-PRODUCT
6917,UV,I-PRODUCT
6917,Umbrella,I-PRODUCT
6917,ዋጋ፦,O
6917,1000,B-PRICE
6917,ብር,I-PRICE
6917,አድራሻ,O
6917,#መገናኛ_መሰረት_ደፋር_ሞል_ሁለተኛ_ፎቅ,O
6917,ቢሮ,O
6917,ቁ.,O
6917,S05/S06,O
6917,0902660722,B-CONTACT
6917,0928460606,I-CONTACT
6917,በTelegram,O
6917,ለማዘዝ,O
6917,ይጠቀሙ,O
6917,@zemencallcenter,O
6917,@zemenexpressadmin,O
6917,ለተጨማሪ,O
6917,ማብራሪያ,O
6917,የቴሌግራም,O
6917,ገፃችን,O
6917,https://telegram.me/zemenexpress,O
6916,Mini,B-PRODUCT
6916,Pocket,I-PRODUCT
6916,UV,I-PRODUCT
6916,Umbrella,I-PRODUCT
6916,የቀለም,O
6916,አማራጭ,O
6916,አላቸው,O
6916,በጣም,O
6916,ቀላል፣,O
6916,ለመያዝ,O
6916,ምቹ,O
6916,ጥላ,O
6916,በትንሽ,O
6916,የእጅ,O
6916,ቦርሳ,O
6916,ወይም,O
6916,በኪስ,O
6916,መያዝ,O
6916,የሚችል,O
6916,#Specifications:,O
6916,Compact,O
6916,&,O
6916,Light-Weight,O
6916,Unique,O
6916,Design,O
6916,UV,O
6916,protection,O
6916,ዋጋ፦,O
6916,1000,B-PRICE
6916,ብር,I-PRICE
6916,ውስን,O
6916,ፍሬ,O
6916,ነው,O
6916,ያለው,O
6916,አድራሻ,O
6916,#መገናኛ_መሰረት_ደፋር_ሞል_ሁለተኛ_ፎቅ,O
6916,ቢሮ,O
6916,ቁ.,O
6916,S05/S06,O
6916,0902660722,B-CONTACT
6916,0928460606,I-CONTACT
6916,በTelegram,O
6916,ለማዘዝ,O
6916,ይጠቀሙ,O
6916,@zemencallcenter,O
6916,@zemenexpressadmin,O
6916,ለተጨማሪ,O
6916,ማብራሪያ,O
6916,የቴሌግራም,O
6916,ገፃችን,O
6916,https://telegram.me/zemenexpress,O
6912,Waterproof,B-PRODUCT
6912,Baby,I-PRODUCT
6912,Urine,I-PRODUCT
6912,Mat,I-PRODUCT
6912,Cover,I-PRODUCT
6912,ውሃ,O
6912,የማያስገባ,O
6912,እንደገና,O
6912,ሊታጠብ,O
6912,የሚችል,O
6912,የሕፃን,O
6912,የሽንት,O
6912,ምንጣፍ,O
6912,በተጨማሪም,O
6912,ዳይፐር,O
6912,ለመቀየር,O
6912,የሚያገለግል,O
6912,Reusable,O
6912,Washable,O
6912,Size:,O
6912,1m,O
6912,80cm,O
6912,ዋጋ፦,O
6912,650,B-PRICE
6912,ብር,I-PRICE
6912,ውስን,O
6912,ፍሬ,O
6912,ነው,O
6912,ያለው,O
6912,አድራሻ,O
6912,#መገናኛ_መሰረት_ደፋር_ሞል_ሁለተኛ_ፎቅ,O
6912,ቢሮ,O
6912,ቁ.,O
6912,S05/S06,O
6912,0902660722,B-CONTACT
6912,0928460606,I-CONTACT
6912,በTelegram,O
6912,ለማዘዝ,O
6912,ይጠቀሙ,O
6912,@zemencallcenter,O
6912,@zemenexpressadmin,O
6912,ለተጨማሪ,O
6912,ማብራሪያ,O
6912,የቴሌግራም,O
6912,ገፃችን,O
6912,https://telegram.me/zemenexpress,O
6908,Space,B-PRODUCT
6908,triangles,I-PRODUCT
6908,for,I-PRODUCT
6908,hangers,I-PRODUCT
6908,12pcs,I-PRODUCT
6908,ዋጋ፦,O
6908,400,B-PRICE
6908,ብር,I-PRICE
6908,ውስን,O
6908,ፍሬ,O
6908,ነው,O
6908,ያለው,O
6908,አድራሻ,O
6908,#መገናኛ_መሰረት_ደፋር_ሞል_ሁለተኛ_ፎቅ,O
6908,ቢሮ,O
6908,ቁ.,O
6908,S05/S06,O
6908,0902660722,B-CONTACT
6908,0928460606,I-CONTACT
6908,በTelegram,O
6908,ለማዘዝ,O
6908,ይጠቀሙ,O
6908,@zemencallcenter,O
6908,@zemenexpressadmin,O
6908,ለተጨማሪ,O
6908,ማብራሪያ,O
6908,የቴሌግራም,O
6908,ገፃችን,O
6908,https://telegram.me/zemenexpress,O
6907,Space,B-PRODUCT
6907,triangles,I-PRODUCT
6907,for,I-PRODUCT
6907,hangers,I-PRODUCT
6907,12pcs,I-PRODUCT
6907,ዋጋ፦,O
6907,400,B-PRICE
6907,ብር,I-PRICE
6907,ውስን,O
6907,ፍሬ,O
6907,ነው,O
6907,ያለው,O
6907,አድራሻ,O
6907,#መገናኛ_መሰረት_ደፋር_ሞል_ሁለተኛ_ፎቅ,O
6907,ቢሮ,O
6907,ቁ.,O
6907,S05/S06,O
6907,0902660722,B-CONTACT
6907,0928460606,I-CONTACT
6907,በTelegram,O
6907,ለማዘዝ,O
6907,ይጠቀሙ,O
6907,@zemencallcenter,O
6907,@zemenexpressadmin,O
6907,ለተጨማሪ,O
6907,ማብራሪያ,O
6907,የቴሌግራም,O
6907,ገፃችን,O
6907,https://telegram.me/zemenexpress,O
906,Door,B-PRODUCT
6906,Bottom,I-PRODUCT
6906,Seal,I-PRODUCT
6906,Strip,I-PRODUCT
6906,Stopper,I-PRODUCT
6906,በበርዎ,O
6906,ስር,O
6906,አቧራ,O
6906,እና,O
6906,ነፍሳት,O
6906,እንዳይገባ,O
6906,የሚከላከል!!!,O
6906,High,O
6906,Quality,O
6906,አንደኛው,O
6906,ወፍራሙ,O
6906,Keep,O
6906,Hot,O
6906,and,O
6906,Cold,O
6906,Air,O
6906,isolated,O
6906,Reduce,O
6906,The,O
6906,Noise,O
6906,Outside,O
6906,and,O
6906,Door,O
6906,slamming,O
6906,No,O
6906,ዋጋ፦,O
6906,400,B-PRICE
6906,ብር,I-PRICE
6906,ውስን,O
6906,ፍሬ,O
6906,ነው,O
6906,ያለው,O
6906,አድራሻ,O
6906,#መገናኛ_መሰረት_ደፋር_ሞል_ሁለተኛ_ፎቅ,O
6906,ቢሮ,O
6906,ቁ.,O
6906,S05/S06,O
6906,0902660722,O
6906,0928460606,O
6906,በTelegram,O
6906,ለማዘዝ,O
6906,ይጠቀሙ,O
6906,@zemencallcenter,O
6906,@zemenexpressadmin,O
6906,ለተጨማሪ,O
6906,ማብራሪያ,O
6906,የቴሌግራም,O
6906,ገፃችን,O
6906,https://telegram.me/zemenexpress,O
6905,Door,B-PRODUCT
6905,Bottom,I-PRODUCT
6905,Seal,I-PRODUCT
6905,Strip,I-PRODUCT
6905,Stopper,I-PRODUCT
6905,በበርዎ,O
6905,ስር,O
6905,አቧራ,O
6905,እና,O
6905,ነፍሳት,O
6905,እንዳይገባ,O
6905,የሚከላከል!!!,O
6905,High,O
6905,Quality,O
6905,አንደኛው,O
6905,ወፍራሙ,O
6905,Keep,O
6905,Hot,O
6905,and,O
6905,Cold,O
6905,Air,O
6905,isolated,O
6905,Reduce,O
6905,The,O
6905,Noise,O
6905,Outside,O
6905,and,O
6905,Door,O
6905,slamming,O
6905,No,O
6905,ዋጋ፦,O
6905,400,B-PRICE
6905,ብር,I-PRICE
6905,ውስን,O
6905,ፍሬ,O
6905,ነው,O
6905,ያለው,O
6905,አድራሻ,O
6905,#መገናኛ_መሰረት_ደፋር_ሞል_ሁለተኛ_ፎቅ,O
6905,ቢሮ,O
6905,ቁ.,O
6905,S05/S06,O
6905,0902660722,O
6905,0928460606,O
6905,በTelegram,O
6905,ለማዘዝ,O
6905,ይጠቀሙ,O
6905,@zemencallcenter,O
6905,@zemenexpressadmin,O
6905,ለተጨማሪ,O
6905,ማብራሪያ,O
6905,የቴሌግራም,O
6905,ገፃችን,O
6905,https://telegram.me/zemenexpress,O
6900,One,B-PRODUCT
6900,Fire,I-PRODUCT
6900,Table,I-PRODUCT
6900,Lamp,I-PRODUCT
6900,በተች,O
6900,የሚሰራ,O
6900,ቻርጅ,O
6900,የሚደረግ,O
6900,ለመኝታ,O
6900,ቤት,O
6900,፣,O
6900,ለሳሎን,O
6900,፣,O
6900,ለ,O
6900,ሆቴሎች,O
6900,እንዲሁም,O
6900,ለባዝ,O
6900,ሩም,O
6900,ዋጋ፦,O
6900,1900ብር,B-PRICE
6900,ውስን,O
6900,ፍሬ,O
6900,ነው,O
6900,ያለው,O
6900,አድራሻ,O
6900,#መገናኛ_መሰረት_ደፋር_ሞል_ሁለተኛ_ፎቅ,O
6900,ቢሮ,O
6900,ቁ.,O
6900,S05/S06,O
6900,0902660722,O
6900,0928460606,O
6900,በTelegram,O
6900,ለማዘዝ,O
6900,ይጠቀሙ,O
6900,@zemencallcenter,O
6900,@zemenexpressadmin,O
6900,ለተጨማሪ,O
6900,ማብራሪያ,O
6900,የቴሌግራም,O
6900,ገፃችን,O
6900,https://telegram.me/zemenexpress,O
6899,One,B-PRODUCT
6899,Fire,I-PRODUCT
6899,Table,I-PRODUCT
6899,Lamp,I-PRODUCT
6899,በተች,O
6899,የሚሰራ,O
6899,ቻርጅ,O
6899,የሚደረግ,O
6899,ለመኝታ,O
6899,ቤት,O
6899,፣,O
6899,ለሳሎን,O
6899,፣,O
6899,ለ,O
6899,ሆቴሎች,O
6899,እንዲሁም,O
6899,ለባዝ,O
6899,ሩም,O
6899,ዋጋ፦,O
6899,1900ብር,B-PRICE
6899,ውስን,O
6899,ፍሬ,O
6899,ነው,O
6899,ያለው,O
6899,አድራሻ,O
6899,#መገናኛ_መሰረት_ደፋር_ሞል_ሁለተኛ_ፎቅ,O
6899,ቢሮ,O
6899,ቁ.,O
6899,S05/S06,O
6899,0902660722,O
6899,0928460606,O
6899,በTelegram,O
6899,ለማዘዝ,O
6899,ይጠቀሙ,O
6899,@zemencallcenter,O
6899,@zemenexpressadmin,O
6899,ለተጨማሪ,O
6899,ማብራሪያ,O
6899,የቴሌግራም,O
6899,ገፃችን,O
6899,https://telegram.me/zemenexpress,O
6897,Vaccuum,B-PRODUCT
6897,flask,I-PRODUCT
6897,set,I-PRODUCT
6897,የፔርሙዝ,O
6897,ማግ,O
6897,3,O
6897,መጠጫ,O
6897,ኩባያዎች,O
6897,ያሉት,O
6897,ለ,O
6897,12,O
6897,ሰአታት,O
6897,የሞቀዉን,O
6897,አሙቆ,O
6897,የቀዘቀዘዉን,O
6897,አቀዝቅዞ,O
6897,ሚያስቀምጥ,O
6897,ድንገት,O
6897,ቢወድቅ,O
6897,እንኳን,O
6897,ከማይሰበር,O
6897,ማቴሪያል,O
6897,የተሰራ,O
6897,500ሚሊ,O
6897,ሊትር,O
6897,የመያዝ,O
6897,አቅም,O
6897,ያለዉ,O
6897,በተለያየ,O
6897,የከለር,O
6897,አማራጭ,O
6897,የቀረበ,O
6897,ለስጦታ,O
6897,የሚሆን,O
6897,የራሱ,O
6897,ማሸጊያና,O
6897,መያዣ,O
6897,ያለዉ,O
6897,ዋጋ፦,O
6897,1200,B-PRICE
6897,ብር,I-PRICE
6897,ውስን,O
6897,ፍሬ,O
6897,ነው,O
6897,ያለው,O
6897,አድራሻ,O
6897,#መገናኛ_መሰረት_ደፋር_ሞል_ሁለተኛ_ፎቅ,O
6897,ቢሮ,O
6897,ቁ.,O
6897,S05/S06,O
6897,0902660722,O
6897,0928460606,O
6897,በTelegram,O
6897,ለማዘዝ,O
6897,ይጠቀሙ,O
6897,@zemencallcenter,O
6897,@zemenexpressadmin,O
6897,ለተጨማሪ,O
6897,ማብራሪያ,O
6897,የቴሌግራም,O
6897,ገፃችን,O
6897,https://telegram.me/zemenexpress,O
6896,ለመላው,O
6896,የእስልምና,O
6896,እምነት,O
6896,ተከታዮች,O
6896,በሙሉ,O
6896,እንኳን,O
6896,ለኢድ,O
6896,አል,O
6896,አድሀ(ዓረፋ),O
6896,በዓል,O
6896,በሰላም,O
6896,አደረሳችሁ,O
6896,ዛሬ,O
6896,ሱቃችን,O
6896,ሙሉ,O
6896,ቀን,O
6896,ክፍት,O
6896,ነው,O
6896,አድራሻ,O
6896,#መገናኛ_መሰረት_ደፋር_ሞል_ሁለተኛ_ፎቅ,O
6896,ቢሮ,O
6896,ቁ.,O
6896,S05/S06,O
6896,0902660722,O
6896,0928460606,O
6896,በTelegram,O
6896,ለማዘዝ,O
6896,ይጠቀሙ,O
6896,@zemencallcenter,O
6896,@zemenexpressadmin,O
6896,ለተጨማሪ,O
6896,ማብራሪያ,O
6896,የቴሌግራም,O
6896,ገፃችን,O
6896,https://telegram.me/zemenexpress,O
6892,Stainless,B-PRODUCT
6892,steel,I-PRODUCT
6892,potato,I-PRODUCT
6892,masher,I-PRODUCT
6892,Quality,O
6892,ዋጋ፦,O
6892,450,B-PRICE
6892,ብር,I-PRICE
6892,ውስን,O
6892,ፍሬ,O
6892,ነው,O
6892,ያለው,O
6892,አድራሻ,O
6892,#መገናኛ_መሰረት_ደፋር_ሞል_ሁለተኛ_ፎቅ,O
6892,ቢሮ,O
6892,ቁ.,O
6892,S05/S06,O
6892,0902660722,O
6892,0928460606,O
6892,በTelegram,O
6892,ለማዘዝ,O
6892,ይጠቀሙ,O
6892,@zemencallcenter,O
6892,@zemenexpressadmin,O
6892,ለተጨማሪ,O
6892,ማብራሪያ,O
6892,የቴሌግራም,O
6892,ገፃችን,O
6892,https://telegram.me/zemenexpress,O
6888,2,B-PRODUCT
6888,in1,I-PRODUCT
6888,Electric,I-PRODUCT
6888,Foot,I-PRODUCT
6888,grinder,I-PRODUCT
6888,&,I-PRODUCT
6888,hair,I-PRODUCT
6888,remover,I-PRODUCT
6888,የተረከዝ,O
6888,ሞረድ,O
6888,እና,O
6888,የፀጉር,O
6888,ማንሻ,O
6888,በ,O
6888,ቻርጅ,O
6888,የሚሰራ,O
6888,ዋጋ፦,O
6888,1000,B-PRICE
6888,ብር,I-PRICE
6888,ውስን,O
6888,ፍሬ,O
6888,ነው,O
6888,ያለው,O
6888,አድራሻ,O
6888,#መገናኛ_መሰረት_ደፋር_ሞል_ሁለተኛ_ፎቅ,O
6888,ቢሮ,O
6888,ቁ.,O
6888,S05/S06,O
6888,0902660722,O
6888,0928460606,O
6888,በTelegram,O
6888,ለማዘዝ,O
6888,ይጠቀሙ,O
6888,@zemencallcenter,O
6888,@zemenexpressadmin,O
6888,ለተጨማሪ,O
6888,ማብራሪያ,O
6888,የቴሌግራም,O
6888,ገፃችን,O
6888,https://telegram.me/zemenexpress,O
6887,2,B-PRODUCT
6887,in1,I-PRODUCT
6887,Electric,I-PRODUCT
6887,Foot,I-PRODUCT
6887,grinder,I-PRODUCT
6887,&,I-PRODUCT
6887,hair,I-PRODUCT
6887,remover,I-PRODUCT
6887,የተረከዝ,O
6887,ሞረድ,O
6887,እና,O
6887,የፀጉር,O
6887,ማንሻ,O
6887,በ,O
6887,ቻርጅ,O
6887,የሚሰራ,O
6887,ዋጋ፦,O
6887,1000,B-PRICE
6887,ብር,I-PRICE
6887,ውስን,O
6887,ፍሬ,O
6887,ነው,O
6887,ያለው,O
6887,አድራሻ,O
6887,#መገናኛ_መሰረት_ደፋር_ሞል_ሁለተኛ_ፎቅ,O
6887,ቢሮ,O
6887,ቁ.,O
6887,S05/S06,O
6887,0902660722,O
6887,0928460606,O
6887,በTelegram,O
6887,ለማዘዝ,O
6887,ይጠቀሙ,O
6887,@zemencallcenter,O
6887,@zemenexpressadmin,O
6887,ለተጨማሪ,O
6887,ማብራሪያ,O
6887,የቴሌግራም,O
6887,ገፃችን,O
6887,https://telegram.me/zemenexpress,O
6881,Garlic,B-PRODUCT
6881,press,I-PRODUCT
6881,Chopper,I-PRODUCT
6881,Kitchen,I-PRODUCT
6881,ginger,I-PRODUCT
6881,garlic,I-PRODUCT
6881,press.Quick,I-PRODUCT
6881,grinding.Saving,I-PRODUCT
6881,you,O
6881,time.,O
6881,Manual,O
6881,extrusion,O
6881,and,O
6881,grinding.,O
6881,Stainless,O
6881,steel,O
6881,material.Food,O
6881,grade,O
6881,safety,O
6881,material.Durable,O
6881,and,O
6881,easy,O
6881,to,O
6881,clean.,O
6881,Curved,O
6881,plastic,O
6881,handle.Comfortable,O
6881,to,O
6881,use.,O
6881,ዋጋ፦,O
6881,350,B-PRICE
6881,ብር,I-PRICE
6881,ውስን,O
6881,ፍሬ,O
6881,ነው,O
6881,ያለው,O
6881,አድራሻ,O
6881,#መገናኛ_መሰረት_ደፋር_ሞል_ሁለተኛ_ፎቅ,O
6881,ቢሮ,O
6881,ቁ.,O
6881,S05/S06,O
6881,0902660722,O
6881,0928460606,O
6881,በTelegram,O
6881,ለማዘዝ,O
6881,ይጠቀሙ,O
6881,@zemencallcenter,O
6881,@zemenexpressadmin,O
6881,ለተጨማሪ,O
6881,ማብራሪያ,O
6881,የቴሌግራም,O
6881,ገፃችን,O
6881,https://telegram.me/zemenexpress,O
6880,Garlic,B-PRODUCT
6880,press,I-PRODUCT
6880,Chopper,I-PRODUCT
6880,Kitchen,I-PRODUCT
6880,ginger,I-PRODUCT
6880,garlic,I-PRODUCT
6880,press.Quick,I-PRODUCT
6880,grinding.Saving,I-PRODUCT
6880,you,O
6880,time.,O
6880,Manual,O
6880,extrusion,O
6880,and,O
6880,grinding.,O
6880,Stainless,O
6880,steel,O
6880,material.Food,O
6880,grade,O
6880,safety,O
6880,material.Durable,O
6880,and,O
6880,easy,O
6880,to,O
6880,clean.,O
6880,Curved,O
6880,plastic,O
6880,handle.Comfortable,O
6880,to,O
6880,use.,O
6880,ዋጋ፦,O
6880,350,B-PRICE
6880,ብር,I-PRICE
6880,ውስን,O
6880,ፍሬ,O
6880,ነው,O
6880,ያለው,O
6880,አድራሻ,O
6880,#መገናኛ_መሰረት_ደፋር_ሞል_ሁለተኛ_ፎቅ,O
6880,ቢሮ,O
6880,ቁ.,O
6880,S05/S06,O
6880,0902660722,O
6880,0928460606,O
6880,በTelegram,O
6880,ለማዘዝ,O
6880,ይጠቀሙ,O
6880,@zemencallcenter,O
6880,@zemenexpressadmin,O
6880,ለተጨማሪ,O
6880,ማብራሪያ,O
6880,የቴሌግራም,O
6880,ገፃችን,O
6880,https://telegram.me/zemenexpress,O
6874,Over,B-PRODUCT
6874,Toilet,I-PRODUCT
6874,Storage,I-PRODUCT
6874,Rack,I-PRODUCT
6874,የቦታ,O
6874,ጥበት,O
6874,ካለብዎ,O
6874,ይሄ,O
6874,ያስፈልግዎታል,O
6874,Toilet/Kitchen,O
6874,ላይ,O
6874,ሊጠቀሙበት,O
6874,ይችላሉ,O
6874,የንፅህና,O
6874,ዕቃዎችን፣,O
6874,ኮስሞቲክሶች,O
6874,እና,O
6874,አትክልት/ፍራፍሬዎችን,O
6874,ሊያስቀምጡበት,O
6874,ይችላሉ,O
6874,ግድግዳ,O
6874,መብሳት,O
6874,አያስፈልግዎትም,O
6874,ከጠንካራ,O
6874,ብረት,O
6874,እና,O
6874,ፕላስቲክ,O
6874,የተሰራ,O
6874,እርጥበትን,O
6874,የሚቋቋም,O
6874,የማይዝግ,O
6874,ማያያዣ,O
6874,ሁክ,O
6874,ያለው,O
6874,ዋጋ፦,O
6874,1500,B-PRICE
6874,ብር,I-PRICE
6874,ውስን,O
6874,ፍሬ,O
6874,ነው,O
6874,ያለው,O
6874,አድራሻ,O
6874,#መገናኛ_መሰረት_ደፋር_ሞል_ሁለተኛ_ፎቅ,O
6874,ቢሮ,O
6874,ቁ.,O
6874,S05/S06,O
6874,0902660722,O
6874,0928460606,O
6874,በTelegram,O
6874,ለማዘዝ,O
6874,ይጠቀሙ,O
6874,@zemencallcenter,O
6874,@zemenexpressadmin,O
6874,ለተጨማሪ,O
6874,ማብራሪያ,O
6874,የቴሌግራም,O
6874,ገፃችን,O
6874,https://telegram.me/zemenexpress,O
6873,Over,B-PRODUCT
6873,Toilet,I-PRODUCT
6873,Storage,I-PRODUCT
6873,Rack,I-PRODUCT
6873,የቦታ,O
6873,ጥበት,O
6873,ካለብዎ,O
6873,ይሄ,O
6873,ያስፈልግዎታል,O
6873,Toilet/Kitchen,O
6873,ላይ,O
6873,ሊጠቀሙበት,O
6873,ይችላሉ,O
6873,የንፅህና,O
6873,ዕቃዎችን፣,O
6873,ኮስሞቲክሶች,O
6873,እና,O
6873,አትክልት/ፍራፍሬዎችን,O
6873,ሊያስቀምጡበት,O
6873,ይችላሉ,O
6873,ግድግዳ,O
6873,መብሳት,O
6873,አያስፈልግዎትም,O
6873,ከጠንካራ,O
6873,ብረት,O
6873,እና,O
6873,ፕላስቲክ,O
6873,የተሰራ,O
6873,እርጥበትን,O
6873,የሚቋቋም,O
6873,የማይዝግ,O
6873,ማያያዣ,O
6873,ሁክ,O
6873,ያለው,O
6873,ዋጋ፦,O
6873,1500,B-PRICE
6873,ብር,I-PRICE
6873,ውስን,O
6873,ፍሬ,O
6873,ነው,O
6873,ያለው,O
6873,አድራሻ,O
6873,#መገናኛ_መሰረት_ደፋር_ሞል_ሁለተኛ_ፎቅ,O
6873,ቢሮ,O
6873,ቁ.,O
6873,S05/S06,O
6873,0902660722,O
6873,0928460606,O
6873,በTelegram,O
6873,ለማዘዝ,O
6873,ይጠቀሙ,O
6873,@zemencallcenter,O
6873,@zemenexpressadmin,O
6873,ለተጨማሪ,O
6873,ማብራሪያ,O
6873,የቴሌግራም,O
6873,ገፃችን,O
6873,https://telegram.me/zemenexpress,O
6872,Over,B-PRODUCT
6872,Toilet,I-PRODUCT
6872,Storage,I-PRODUCT
6872,Rack,I-PRODUCT
6872,የቦታ,O
6872,ጥበት,O
6872,ካለብዎ,O
6872,ይሄ,O
6872,ያስፈልግዎታል,O
6872,Toilet/Kitchen,O
6872,ላይ,O
6872,ሊጠቀሙበት,O
6872,ይችላሉ,O
6872,የንፅህና,O
6872,ዕቃዎችን፣,O
6872,ኮስሞቲክሶች,O
6872,እና,O
6872,አትክልት/ፍራፍሬዎችን,O
6872,ሊያስቀምጡበት,O
6872,ይችላሉ,O
6872,ግድግዳ,O
6872,መብሳት,O
6872,አያስፈልግዎትም,O
6872,ከጠንካራ,O
6872,ብረት,O
6872,እና,O
6872,ፕላስቲክ,O
6872,የተሰራ,O
6872,እርጥበትን,O
6872,የሚቋቋም,O
6872,የማይዝግ,O
6872,ማያያዣ,O
6872,ሁክ,O
6872,ያለው,O
6872,ዋጋ፦,O
6872,1500,B-PRICE
6872,ብር,I-PRICE
6872,ውስን,O
6872,ፍሬ,O
6872,ነው,O
6872,ያለው,O
6872,አድራሻ,O
6872,#መገናኛ_መሰረት_ደፋር_ሞል_ሁለተኛ_ፎቅ,O
6872,ቢሮ,O
6872,ቁ.,O
6872,S05/S06,O
6872,0902660722,O
6872,0928460606,O
6872,በTelegram,O
6872,ለማዘዝ,O
6872,ይጠቀሙ,O
6872,@zemencallcenter,O
6872,@zemenexpressadmin,O
6872,ለተጨማሪ,O
6872,ማብራሪያ,O
6872,የቴሌግራም,O
6872,ገፃችን,O
6872,https://telegram.me/zemenexpress,O
6866,Coffee,B-PRODUCT
6866,Cold,I-PRODUCT
6866,Extraction,I-PRODUCT
6866,Cup,I-PRODUCT
6866,Ice,I-PRODUCT
6866,Coffee,I-PRODUCT
6866,Maker,I-PRODUCT
6866,Portable,I-PRODUCT
6866,Cold,I-PRODUCT
6866,Brew,I-PRODUCT
6866,Bottle,I-PRODUCT
6866,Maker,I-PRODUCT
6866,Mug,I-PRODUCT
6866,Leak,O
6866,Proof,O
6866,Airtight,O
6866,Lid,O
6866,with,O
6866,Mesh,O
6866,Filter,O
6866,Ice,O
6866,Coffee,O
6866,Jar,O
6866,Tea,O
6866,Infuser,O
6866,for,O
6866,Outdoor,O
6866,የአጠቃቀም,O
6866,ዘዴ,O
6866,1,O
6866,",ለቡና",O
6866,ዱቄት,O
6866,የሚሆን,O
6866,በቂ,O
6866,ቦታ,O
6866,በመተው,O
6866,በውሃ,O
6866,መሙላት,O
6866,ይጀምሩ,O
6866,2,O
6866,",ውስጥ",O
6866,ባለው,O
6866,ማጣሪያ,O
6866,የሚፈልጉትን,O
6866,የቡና,O
6866,መጠን,O
6866,ይጨምሩ,O
6866,3,O
6866,",የማጣሪያውን",O
6866,ክዳን,O
6866,አጥብቀው,O
6866,ይዝጉ,O
6866,እና,O
6866,የቡናውን,O
6866,ቦታ,O
6866,በእኩል,O
6866,መጠን,O
6866,ለማከፋፈል,O
6866,ቀስ,O
6866,ብለው,O
6866,ማወዛወዝ,O
6866,4,O
6866,",ለተወሰኑ",O
6866,ሰአታት,O
6866,ፍሪጅ,O
6866,ውስጥ,O
6866,ማስቀመጥ,O
6866,5,O
6866,",",O
6866,ቀዝቃዛ,O
6866,ቡናዎን,O
6866,በበረዶ,O
6866,ወይም,O
6866,ከወተት,O
6866,ጋር,O
6866,በመቀላቀል,O
6866,መጠጣት,O
6866,ይችላሉ,O
6866,ዋጋ፦,O
6866,900,B-PRICE
6866,ብር,I-PRICE
6866,ውስን,O
6866,ፍሬ,O
6866,ነው,O
6866,ያለው,O
6866,አድራሻ,O
6866,#መገናኛ_መሰረት_ደፋር_ሞል_ሁለተኛ_ፎቅ,O
6866,ቢሮ,O
6866,ቁ.,O
6866,S05/S06,O
6866,0902660722,O
6866,0928460606,O
6866,በTelegram,O
6866,ለማዘዝ,O
6866,ይጠቀሙ,O
6866,@zemencallcenter,O
6866,@zemenexpressadmin,O
6866,ለተጨማሪ,O
6866,ማብራሪያ,O
6866,የቴሌግራም,O
6866,ገፃችን,O
6866,https://telegram.me/zemenexpress,O
6865,Coffee,B-PRODUCT
6865,Cold,I-PRODUCT
6865,Extraction,I-PRODUCT
6865,Cup,I-PRODUCT
6865,Ice,I-PRODUCT
6865,Coffee,I-PRODUCT
6865,Maker,I-PRODUCT
6865,Portable,I-PRODUCT
6865,Cold,I-PRODUCT
6865,Brew,I-PRODUCT
6865,Bottle,I-PRODUCT
6865,Maker,I-PRODUCT
6865,Mug,I-PRODUCT
6865,Leak,O
6865,Proof,O
6865,Airtight,O
6865,Lid,O
6865,with,O
6865,Mesh,O
6865,Filter,O
6865,Ice,O
6865,Coffee,O
6865,Jar,O
6865,Tea,O
6865,Infuser,O
6865,for,O
6865,Outdoor,O
6865,የአጠቃቀም,O
6865,ዘዴ,O
6865,1,O
6865,",ለቡና",O
6865,ዱቄት,O
6865,የሚሆን,O
6865,በቂ,O
6865,ቦታ,O
6865,በመተው,O
6865,በውሃ,O
6865,መሙላት,O
6865,ይጀምሩ,O
6865,2,O
6865,",ውስጥ",O
6865,ባለው,O
6865,ማጣሪያ,O
6865,የሚፈልጉትን,O
6865,የቡና,O
6865,መጠን,O
6865,ይጨምሩ,O
6865,3,O
6865,",የማጣሪያውን",O
6865,ክዳን,O
6865,አጥብቀው,O
6865,ይዝጉ,O
6865,እና,O
6865,የቡናውን,O
6865,ቦታ,O
6865,በእኩል,O
6865,መጠን,O
6865,ለማከፋፈል,O
6865,ቀስ,O
6865,ብለው,O
6865,ማወዛወዝ,O
6865,4,O
6865,",ለተወሰኑ",O
6865,ሰአታት,O
6865,ፍሪጅ,O
6865,ውስጥ,O
6865,ማስቀመጥ,O
6865,5,O
6865,",",O
6865,ቀዝቃዛ,O
6865,ቡናዎን,O
6865,በበረዶ,O
6865,ወይም,O
6865,ከወተት,O
6865,ጋር,O
6865,በመቀላቀል,O
6865,መጠጣት,O
6865,ይችላሉ,O
6865,ዋጋ፦,O
6865,900,B-PRICE
6865,ብር,I-PRICE
6865,ውስን,O
6865,ፍሬ,O
6865,ነው,O
6865,ያለው,O
6865,አድራሻ,O
6865,#መገናኛ_መሰረት_ደፋር_ሞል_ሁለተኛ_ፎቅ,O
6865,ቢሮ,O
6865,ቁ.,O
6865,S05/S06,O
6865,0902660722,O
6865,0928460606,O
6865,በTelegram,O
6865,ለማዘዝ,O
6865,ይጠቀሙ,O
6865,@zemencallcenter,O
6865,@zemenexpressadmin,O
6865,ለተጨማሪ,O
6865,ማብራሪያ,O
6865,የቴሌግራም,O
6865,ገፃችን,O
6865,https://telegram.me/zemenexpress,O
6864,Floodlight,B-PRODUCT
6864,Head,I-PRODUCT
6864,lamp,I-PRODUCT
6864,rechargeable,I-PRODUCT
6864,light,I-PRODUCT
6864,weight,I-PRODUCT
6864,Applicable,O
6864,to,O
6864,various,O
6864,scenarios,O
6864,such,O
6864,as,O
6864,camping,O
6864,night,O
6864,running,O
6864,Repairing,O
6864,Cycling,O
6864,ዋጋ፦,O
6864,950,B-PRICE
6864,ብር,I-PRICE
6864,ውስን,O
6864,ፍሬ,O
6864,ነው,O
6864,ያለው,O
6864,አድራሻ,O
6864,#መገናኛ_መሰረት_ደፋር_ሞል_ሁለተኛ_ፎቅ,O
6864,ቢሮ,O
6864,ቁ.,O
6864,S05/S06,O
6864,0902660722,O
6864,0928460606,O
6864,በTelegram,O
6864,ለማዘዝ,O
6864,ይጠቀሙ,O
6864,@zemencallcenter,O
6864,@zemenexpressadmin,O
6864,ለተጨማሪ,O
6864,ማብራሪያ,O
6864,የቴሌግራም,O
6864,ገፃችን,O
6864,https://telegram.me/zemenexpress,O
6863,Floodlight,B-PRODUCT
6863,Head,I-PRODUCT
6863,lamp,I-PRODUCT
6863,rechargeable,I-PRODUCT
6863,light,I-PRODUCT
6863,weight,I-PRODUCT
6863,Applicable,O
6863,to,O
6863,various,O
6863,scenarios,O
6863,such,O
6863,as,O
6863,camping,O
6863,night,O
6863,running,O
6863,Repairing,O
6863,Cycling,O
6863,ዋጋ፦,O
6863,950,B-PRICE
6863,ብር,I-PRICE
6863,ውስን,O
6863,ፍሬ,O
6863,ነው,O
6863,ያለው,O
6863,አድራሻ,O
6863,#መገናኛ_መሰረት_ደፋር_ሞል_ሁለተኛ_ፎቅ,O
6863,ቢሮ,O
6863,ቁ.,O
6863,S05/S06,O
6863,0902660722,O
6863,0928460606,O
6863,በTelegram,O
6863,ለማዘዝ,O
6863,ይጠቀሙ,O
6863,@zemencallcenter,O
6863,@zemenexpressadmin,O
6863,ለተጨማሪ,O
6863,ማብራሪያ,O
6863,የቴሌግራም,O
6863,ገፃችን,O
6863,https://telegram.me/zemenexpress,O
6861,Car,B-PRODUCT
6861,Solar,I-PRODUCT
6861,Aromatherapy,I-PRODUCT
6861,በ,O
6861,ፀሀይ,O
6861,ብርሀን,O
6861,የሚሰራ,O
6861,ለመኪናዎ,O
6861,ጥሩ,O
6861,ጠረን,O
6861,የሚያላብስ,O
6861,እየተሽከረከረ,O
6861,አየር,O
6861,በማፅዳት,O
6861,ጥሩ,O
6861,መአዛን,O
6861,የሚሰጥ,O
6861,ለመኪናዎ,O
6861,ተጨማሪ,O
6861,ውበትን,O
6861,የሚሰጥ,O
6861,በተመጣጣኝ,O
6861,ዋጋ,O
6861,ዋጋ፦,O
6861,850,B-PRICE
6861,ብር,I-PRICE
6861,ውስን,O
6861,ፍሬ,O
6861,ነው,O
6861,ያለው,O
6861,አድራሻ,O
6861,#መገናኛ_መሰረት_ደፋር_ሞል_ሁለተኛ_ፎቅ,O
6861,ቢሮ,O
6861,ቁ.,O
6861,S05/S06,O
6861,0902660722,O
6861,0928460606,O
6861,በTelegram,O
6861,ለማዘዝ,O
6861,ይጠቀሙ,O
6861,@zemencallcenter,O
6861,@zemenexpressadmin,O
6861,ለተጨማሪ,O
6861,ማብራሪያ,O
6861,የቴሌግራም,O
6861,ገፃችን,O
6861,https://telegram.me/zemenexpress,O
6860,Car,O
6860,Solar,O
6860,Aromatherapy,O
6860,በ,O
6860,ፀሀይ,O
6860,ብርሀን,O
6860,የሚሰራ,O
6860,ለመኪናዎ,O
6860,ጥሩ,O
6860,ጠረን,O
6860,የሚያላብስ,O
6860,እየተሽከረከረ,O
6860,አየር,O
6860,በማፅዳት,O
6860,ጥሩ,O
6860,መአዛን,O
6860,የሚሰጥ,O
6860,ለመኪናዎ,O
6860,ተጨማሪ,O
6860,ውበትን,O
6860,የሚሰጥ,O
6860,በተመጣጣኝ,O
6860,ዋጋ,O
6860,ዋጋ፦,O
6860,850,O
6860,ብር,O
6860,ውስን,O
6860,ፍሬ,O
6860,ነው,O
6860,ያለው,O
6860,አድራሻ,O
6860,#መገናኛ_መሰረት_ደፋር_ሞል_ሁለተኛ_ፎቅ,O
6860,ቢሮ,O
6860,ቁ.,O
6860,S05/S06,O
6860,0902660722,O
6860,0928460606,O
6860,በTelegram,O
6860,ለማዘዝ,O
6860,ይጠቀሙ,O
6860,@zemencallcenter,O
6860,@zemenexpressadmin,O
6860,ለተጨማሪ,O
6860,ማብራሪያ,O
6860,የቴሌግራም,O
6860,ገፃችን,O
6860,https://telegram.me/zemenexpress,O
6855,Silicone,B-PRODUCT
6855,Thumb,I-PRODUCT
6855,Cutter,I-PRODUCT
6855,የጣት,I-PRODUCT
6855,ጥፍር,I-PRODUCT
6855,መከላከያ,I-PRODUCT
6855,ሽንኩርት,I-PRODUCT
6855,ሲልጡ,I-PRODUCT
6855,፣,O
6855,ዝንጅብል,O
6855,እና,O
6855,በርበሬ,O
6855,ዘለላ,O
6855,ሲቀነጥሱ,O
6855,ጥፍርን,O
6855,ከጉዳት,O
6855,የሚከላከል,O
6855,Material:,O
6855,Stainless,O
6855,"Steel,",O
6855,"Silicone,",O
6855,pp,O
6855,colour,O
6855,ዋጋ፦,O
6855,250,B-PRICE
6855,ብር,I-PRICE
6855,ውስን,O
6855,ፍሬ,O
6855,ነው,O
6855,ያለው,O
6855,አድራሻ,O
6855,#መገናኛ_መሰረት_ደፋር_ሞል_ሁለተኛ_ፎቅ,O
6855,ቢሮ,O
6855,ቁ.,O
6855,S05/S06,O
6855,0902660722,O
6855,0928460606,O
6855,በTelegram,O
6855,ለማዘዝ,O
6855,ይጠቀሙ,O
6855,@zemencallcenter,O
6855,@zemenexpressadmin,O
6855,ለተጨማሪ,O
6855,ማብራሪያ,O
6855,የቴሌግራም,O
6855,ገፃችን,O
6855,https://telegram.me/zemenexpress,O
6854,Silicone,B-PRODUCT
6854,Thumb,I-PRODUCT
6854,Cutter,I-PRODUCT
6854,የጣት,I-PRODUCT
6854,ጥፍር,I-PRODUCT
6854,መከላከያ,I-PRODUCT
6854,ሽንኩርት,I-PRODUCT
6854,ሲልጡ,I-PRODUCT
6854,፣,O
6854,ዝንጅብል,O
6854,እና,O
6854,በርበሬ,O
6854,ዘለላ,O
6854,ሲቀነጥሱ,O
6854,ጥፍርን,O
6854,ከጉዳት,O
6854,የሚከላከል,O
6854,Material:,O
6854,Stainless,O
6854,"Steel,",O
6854,"Silicone,",O
6854,pp,O
6854,colour,O
6854,ዋጋ፦,O
6854,250,B-PRICE
6854,ብር,I-PRICE
6854,ውስን,O
6854,ፍሬ,O
6854,ነው,O
6854,ያለው,O
6854,አድራሻ,O
6854,#መገናኛ_መሰረት_ደፋር_ሞል_ሁለተኛ_ፎቅ,O
6854,ቢሮ,O
6854,ቁ.,O
6854,S05/S06,O
6854,0902660722,O
6854,0928460606,O
6854,በTelegram,O
6854,ለማዘዝ,O
6854,ይጠቀሙ,O
6854,@zemencallcenter,O
6854,@zemenexpressadmin,O
6854,ለተጨማሪ,O
6854,ማብራሪያ,O
6854,የቴሌግራም,O
6854,ገፃችን,O
6854,https://telegram.me/zemenexpress,O
6850,Portable,B-PRODUCT
6850,drying,I-PRODUCT
6850,rack,I-PRODUCT
6850,Clips,I-PRODUCT
6850,cloth,I-PRODUCT
6850,hanger,I-PRODUCT
6850,ልብስ,I-PRODUCT
6850,ማስጫ,I-PRODUCT
6850,የሚዘረጋ,I-PRODUCT
6850,የሚሰበሰብ,I-PRODUCT
6850,የራሱ,I-PRODUCT
6850,የልብስ,I-PRODUCT
6850,መቆንጠጫ,I-PRODUCT
6850,ያለው,O
6850,180,O
6850,cm,O
6850,ርዝመት,O
6850,ተንቀሳቃሽ,O
6850,ዋጋ፦,O
6850,500,B-PRICE
6850,ብር,I-PRICE
6850,ውስን,O
6850,ፍሬ,O
6850,ነው,O
6850,ያለው,O
6850,አድራሻ,O
6850,#መገናኛ_መሰረት_ደፋር_ሞል_ሁለተኛ_ፎቅ,O
6850,ቢሮ,O
6850,ቁ.,O
6850,S05/S06,O
6850,0902660722,O
6850,0928460606,O
6850,በTelegram,O
6850,ለማዘዝ,O
6850,ይጠቀሙ,O
6850,@zemencallcenter,O
6850,@zemenexpressadmin,O
6850,ለተጨማሪ,O
6850,ማብራሪያ,O
6850,የቴሌግራም,O
6850,ገፃችን,O
6850,https://telegram.me/zemenexpress,O
6849,Portable,B-PRODUCT
6849,drying,I-PRODUCT
6849,rack,I-PRODUCT
6849,Clips,I-PRODUCT
6849,cloth,I-PRODUCT
6849,hanger,I-PRODUCT
6849,ልብስ,I-PRODUCT
6849,ማስጫ,I-PRODUCT
6849,የሚዘረጋ,I-PRODUCT
6849,የሚሰበሰብ,I-PRODUCT
6849,የራሱ,I-PRODUCT
6849,የልብስ,I-PRODUCT
6849,መቆንጠጫ,I-PRODUCT
6849,ያለው,O
6849,180,O
6849,cm,O
6849,ርዝመት,O
6849,ተንቀሳቃሽ,O
6849,ዋጋ፦,O
6849,500,B-PRICE
6849,ብር,I-PRICE
6849,ውስን,O
6849,ፍሬ,O
6849,ነው,O
6849,ያለው,O
6849,አድራሻ,O
6849,#መገናኛ_መሰረት_ደፋር_ሞል_ሁለተኛ_ፎቅ,O
6849,ቢሮ,O
6849,ቁ.,O
6849,S05/S06,O
6849,0902660722,O
6849,0928460606,O
6849,በTelegram,O
6849,ለማዘዝ,O
6849,ይጠቀሙ,O
6849,@zemencallcenter,O
6849,@zemenexpressadmin,O
6849,ለተጨማሪ,O
6849,ማብራሪያ,O
6849,የቴሌግራም,O
6849,ገፃችን,O
6849,https://telegram.me/zemenexpress,O